City_ID,City,Lat,Lng,Max Temp,Humidity,Cloudiness,Wind Speed,Country,Date
0,port shepstone,-30.7414,30.455,12.62,68,2,2.38,ZA,1690257759
1,shanwei,22.782,115.3475,31.59,63,23,2.71,CN,1690257759
2,isafjordur,66.0755,-23.124,8.7,95,100,3.15,IS,1690257760
3,katsuura,35.1333,140.3,28.12,75,57,5.02,JP,1690257760
4,tiksi,71.6872,128.8694,5.67,75,96,2.97,RU,1690257760
5,iskateley,67.6803,53.1512,18.33,72,61,4.57,RU,1690257765
6,verkhnyaya sinyachikha,57.976,61.6673,20.83,58,17,1.91,RU,1690257772
7,whitehorse,60.7161,-135.0538,20.57,53,75,3.09,CA,1690257653
8,iqaluit,63.7506,-68.5145,5.39,93,40,2.68,CA,1690257669
9,adamstown,-25.066,-130.1015,20.51,72,15,3.92,PN,1690257494
10,thompson,55.7435,-97.8558,18.09,77,100,6.69,CA,1690257774
11,zaporizhia,47.8167,35.1833,21.12,54,2,3.07,UA,1690257626
12,grytviken,-54.2811,-36.5092,-5.57,78,20,5.21,GS,1690257493
13,tanout,14.9709,8.8879,28.18,56,64,6.39,NE,1690257776
14,kaitong,44.8135,123.15,28.25,57,60,3.81,CN,1690257776
15,carauari,-4.8828,-66.8958,23.64,65,62,0.95,BR,1690257535
16,olonkinbyen,70.9221,-8.7187,5.0,91,100,5.07,SJ,1690257642
17,dudinka,69.4058,86.1778,18.68,46,41,6.67,RU,1690257680
18,jianguang,28.1938,115.7836,32.55,66,91,1.51,CN,1690257777
19,dzierzgon,53.922,19.3471,17.1,91,30,2.64,PL,1690257566
20,sol'-iletsk,51.1631,54.9918,21.49,55,100,3.04,RU,1690257546
21,talnakh,69.4865,88.3972,18.45,51,45,2.11,RU,1690257778
22,bilibino,68.0546,166.4372,12.34,84,100,0.54,RU,1690257493
23,machico,32.7,-16.7667,22.78,83,75,4.63,PT,1690257655
24,utrik,11.2278,169.8474,28.73,74,100,7.36,MH,1690257495
25,yellowknife,62.456,-114.3525,24.29,41,75,5.66,CA,1690257779
26,pemangkat,1.1667,108.9667,30.24,63,91,4.78,ID,1690257779
27,fedorovka,53.6314,62.7078,21.51,55,50,0.76,KZ,1690257779
28,ushuaia,-54.8,-68.3,-1.19,69,0,1.03,AR,1690257779
29,bethel,41.3712,-73.414,24.2,81,0,1.54,US,1690257535
30,lompoc,34.6391,-120.4579,25.08,89,0,3.6,US,1690257584
31,sinabang,2.4803,96.3801,29.43,68,49,0.75,ID,1690257780
32,ta'if,21.2703,40.4158,24.56,13,90,1.02,SA,1690257618
33,puerto ayora,-0.7393,-90.3518,24.75,95,55,3.58,EC,1690257599
34,mandalgovi,45.7625,106.2708,23.51,39,83,9.8,MN,1690257780
35,richfield,44.8833,-93.283,24.5,82,0,1.54,US,1690257507
36,port mathurin,-19.6833,63.4167,23.65,75,83,9.4,MU,1690257781
37,tazovsky,67.4667,78.7,18.12,72,24,3.54,RU,1690257781
38,mount gambier,-37.8333,140.7667,14.8,58,49,2.05,AU,1690257781
39,hami,42.8,93.45,34.42,13,0,2.55,CN,1690257782
40,palikir - national government center,6.9248,158.1611,30.47,74,100,4.12,FM,1690257782
41,veinticinco de mayo,-35.4323,-60.1727,3.88,93,0,0.89,AR,1690257782
42,cambridge,43.3601,-80.3127,20.63,88,40,0.0,CA,1690257495
43,ribeira grande,38.5167,-28.7,21.54,85,15,2.68,PT,1690257782
44,embi,48.8264,58.1442,26.56,34,100,2.68,KZ,1690257783
45,badger,64.8,-147.5333,29.95,39,75,3.6,US,1690257783
46,bredasdorp,-34.5322,20.0403,5.85,74,0,1.93,ZA,1690257658
47,saldanha,-33.0117,17.9442,3.03,77,0,4.32,ZA,1690257783
48,albany,42.6001,-73.9662,20.24,89,29,1.17,US,1690257651
49,edinburgh of the seven seas,-37.0676,-12.3116,14.88,81,77,17.02,SH,1690257784
50,nushki,29.5542,66.0215,28.93,53,100,1.09,PK,1690257784
51,pisco,-13.7,-76.2167,19.03,82,0,5.66,PE,1690257784
52,papatowai,-46.5619,169.4708,7.72,80,82,7.51,NZ,1690257598
53,waitangi,-43.9535,-176.5597,11.57,98,100,1.34,NZ,1690257785
54,arinos,-15.9169,-46.1056,20.95,63,93,1.24,BR,1690257785
55,san fernando de apure,7.8878,-67.4724,23.58,95,66,0.55,VE,1690257785
56,tralee,52.2704,-9.7026,10.14,91,18,1.04,IE,1690257785
57,port-aux-francais,-49.35,70.2167,3.32,65,100,8.69,TF,1690257493
58,silute,55.3489,21.4831,15.92,98,100,2.99,LT,1690257786
59,susuman,62.7833,148.1667,24.32,38,68,5.66,RU,1690257725
60,port lincoln,-34.7333,135.8667,14.87,68,0,4.12,AU,1690257746
61,dumai,1.6833,101.45,31.92,55,95,1.55,ID,1690257786
62,ust-nera,64.5667,143.2,21.64,62,90,1.23,RU,1690257786
63,blackmans bay,-43.0167,147.3167,13.18,62,100,1.13,AU,1690257787
64,ise-ekiti,7.4632,5.4281,21.29,98,100,1.6,NG,1690257787
65,lampazos de naranjo,27.0167,-100.5167,28.83,61,99,3.85,MX,1690257787
66,tazacorte,28.629,-17.9293,22.54,83,40,4.63,ES,1690257787
67,bonthe,7.5264,-12.505,24.57,90,100,2.18,SL,1690257787
68,puerto natales,-51.7236,-72.4875,-4.59,91,100,0.54,CL,1690257678
69,avarua,-21.2078,-159.775,22.03,83,75,2.57,CK,1690257788
70,kapa'a,22.0752,-159.319,28.99,87,100,7.2,US,1690257788
71,west island,-12.1568,96.8225,26.99,65,75,8.23,CC,1690257788
72,quixeramobim,-5.1992,-39.2928,23.26,70,77,1.0,BR,1690257788
73,luanda,-8.8368,13.2343,21.0,83,75,1.54,AO,1690257699
74,port saint john's,-31.6229,29.5448,12.07,72,0,2.67,ZA,1690257789
75,scarborough,54.2797,-0.4044,10.51,88,100,1.14,GB,1690257582
76,cartagena,10.3997,-75.5144,27.79,83,20,4.12,CO,1690257610
77,malabrigo,-29.3464,-59.9696,10.85,87,94,3.59,AR,1690257790
78,asau,46.4333,26.4,16.51,69,41,2.62,RO,1690257790
79,fortuna,40.5982,-124.1573,17.74,89,0,3.6,US,1690257728
80,timbuktu,16.7735,-3.0074,31.03,53,99,7.08,ML,1690257790
81,margaret river,-33.95,115.0667,14.98,90,100,7.23,AU,1690257790
82,qaqortoq,60.7167,-46.0333,5.31,92,94,2.26,GL,1690257791
83,ontario,34.0633,-117.6509,31.54,63,20,4.12,US,1690257657
84,san patricio,28.017,-97.5169,29.92,72,54,4.47,US,1690257791
85,savannah,32.0835,-81.0998,26.08,81,0,2.06,US,1690257678
86,portland,45.5234,-122.6762,23.03,65,75,6.69,US,1690257785
87,balakovo,52.0278,47.8007,21.21,63,41,1.45,RU,1690257792
88,atafu village,-8.5421,-172.5159,28.99,72,43,8.62,TK,1690257792
89,malanje,-9.5402,16.341,15.33,33,7,1.3,AO,1690257792
90,assare,-6.8744,-39.875,19.42,65,11,2.02,BR,1690257792
91,prince rupert,54.3161,-130.3201,14.05,94,100,0.51,CA,1690257704
92,saipan,15.1355,145.701,30.39,100,100,6.17,MP,1690257793
93,laojunmiao,39.8333,97.7333,25.68,17,12,3.36,CN,1690257793
94,petropavlovsk-kamchatsky,53.0452,158.6483,25.33,41,40,2.0,RU,1690257793
95,mount pearl,47.5166,-52.7813,20.25,89,40,8.75,CA,1690257793
96,weno,7.4515,151.8468,28.21,79,95,5.6,FM,1690257677
97,opuwo,-18.0607,13.84,16.58,34,100,2.46,NA,1690257794
98,ataq,14.5377,46.8319,27.87,52,100,2.8,YE,1690257794
99,remire-montjoly,4.9167,-52.2667,24.02,100,75,0.0,GF,1690257794
100,severo-yeniseyskiy,60.3725,93.0408,25.1,47,10,1.51,RU,1690257795
101,spas-demensk,54.4122,34.0226,15.23,96,84,1.36,RU,1690257795
102,kirundo,-2.5833,30.1667,15.14,67,11,1.21,BI,1690257795
103,st. john's,47.5649,-52.7093,20.71,88,40,8.75,CA,1690257631
104,hermanus,-34.4187,19.2345,9.48,66,0,2.52,ZA,1690257795
105,vilyuchinsk,52.9306,158.4028,26.15,62,1,3.85,RU,1690257796
106,westport,41.1415,-73.3579,25.41,91,25,2.68,US,1690257609
107,stanley,54.868,-1.6985,9.88,91,0,2.06,GB,1690257796
108,polyarnyy,69.1989,33.4478,9.8,94,100,2.94,RU,1690257796
109,bardai,11.65,7.2333,21.27,93,24,3.43,NG,1690257715
110,santiago de cao,-7.9589,-79.2392,22.07,83,100,4.12,PE,1690257797
111,sisimiut,66.9395,-53.6735,5.03,90,56,6.24,GL,1690257797
112,chonchi,-42.6128,-73.8092,7.84,91,66,2.96,CL,1690257797
113,boguchany,58.3814,97.4531,19.92,81,100,1.22,RU,1690257797
114,pyapon,16.2833,95.6833,24.53,95,100,1.76,MM,1690257798
115,uturoa,-16.7333,-151.4333,26.74,84,11,6.09,PF,1690257798
116,page,36.9147,-111.4558,27.88,34,0,2.24,US,1690257799
117,solnechnyy,50.7214,136.6319,21.75,93,98,2.01,RU,1690257800
118,island harbour,50.724,-1.2758,13.59,95,93,0.45,GB,1690257800
119,fisterra,42.9049,-9.2629,13.75,74,14,5.0,ES,1690257800
120,dul'durga,50.6761,113.5931,23.14,54,47,2.39,RU,1690257801
121,kismayo,-0.3582,42.5454,25.08,74,67,7.58,SO,1690257801
122,tamanrasset,22.785,5.5228,23.95,23,1,2.57,DZ,1690257801
123,wailua homesteads,22.0669,-159.378,28.24,87,100,7.2,US,1690257801
124,altai,46.3722,96.2583,18.0,32,22,2.93,MN,1690257802
125,ladario,-19.0047,-57.6017,20.34,42,0,0.45,BR,1690257592
126,punta arenas,-53.15,-70.9167,-1.65,87,100,1.5,CL,1690257684
127,arar,30.9753,41.0381,28.01,26,0,4.12,SA,1690257802
128,happy valley-goose bay,53.3168,-60.3315,16.17,82,75,3.09,CA,1690257802
129,bathsheba,13.2167,-59.5167,27.34,89,75,6.17,BB,1690257803
130,mossel bay,-34.1831,22.146,4.96,58,0,1.76,ZA,1690257803
131,udachny,66.4167,112.4,16.36,82,85,2.37,RU,1690257803
132,ilulissat,69.2167,-51.1,5.01,93,36,1.54,GL,1690257803
133,port elizabeth,-33.918,25.5701,4.16,93,0,1.54,ZA,1690257804
134,nouadhibou,20.931,-17.0347,22.99,73,32,7.2,MR,1690257804
135,kill devil hills,36.0307,-75.676,25.55,89,0,0.0,US,1690257694
136,longyearbyen,78.2186,15.6401,9.91,76,75,2.57,SJ,1690257804
137,college,64.8569,-147.8028,30.99,33,75,4.63,US,1690257602
138,gagra,43.3283,40.2239,20.51,78,18,2.16,GE,1690257805
139,hawaiian paradise park,19.5933,-154.9731,25.41,89,95,0.89,US,1690257674
140,arraial do cabo,-22.9661,-42.0278,20.89,90,5,9.34,BR,1690257702
141,nuuk,64.1835,-51.7216,9.34,71,14,6.17,GL,1690257690
142,tera,14.0078,0.7531,28.08,61,78,4.81,NE,1690257805
143,dunedin,-45.8742,170.5036,9.33,67,90,4.02,NZ,1690257686
144,bakanas,44.8081,76.2772,34.52,12,0,4.33,KZ,1690257806
145,rio grande,-32.035,-52.0986,12.75,93,100,9.25,BR,1690257799
146,at taj,24.2049,23.2857,28.56,23,3,3.88,LY,1690257806
147,kodiak,57.79,-152.4072,13.73,72,0,5.66,US,1690257806
148,beyneu,45.3167,55.2,32.24,24,100,6.8,KZ,1690257807
149,ciudad guayana,8.3533,-62.6528,26.4,88,91,1.31,VE,1690257807
150,anadyr,64.75,177.4833,12.78,76,75,8.94,RU,1690257680
151,geraldton,-28.7667,114.6,16.23,51,100,4.63,AU,1690257807
152,karratha,-20.7377,116.8463,21.91,48,0,10.31,AU,1690257807
153,carnarvon,-24.8667,113.6333,21.71,50,88,11.7,AU,1690257808
154,hithadhoo,-0.6,73.0833,28.2,78,100,7.41,MV,1690257808
155,thunder bay,48.4001,-89.3168,14.99,82,20,1.03,CA,1690257657
156,usogorsk,63.4106,48.6872,13.94,94,100,2.68,RU,1690257808
157,grand falls-windsor,48.9332,-55.6649,18.61,87,34,2.74,CA,1690257808
158,jamestown,42.097,-79.2353,18.8,80,0,2.57,US,1690257611
159,labasa,-16.4167,179.3833,26.1,72,85,3.32,FJ,1690257809
160,chernyshevskiy,63.0128,112.4714,27.66,46,9,2.68,RU,1690257809
161,nar'yan-mar,67.6713,53.087,18.42,72,54,4.64,RU,1690257809
162,colonia,50.9333,6.95,15.54,89,75,1.54,DE,1690257809
163,saint-clement-de-riviere,43.6833,3.8333,21.42,59,0,6.69,FR,1690257809
164,invercargill,-46.4,168.35,8.03,78,68,8.04,NZ,1690257810
165,broken hill,-31.95,141.4333,14.6,46,0,3.4,AU,1690257810
166,pailon,-17.65,-62.75,21.5,57,56,0.6,BO,1690257810
167,tamiahua,21.2667,-97.45,25.21,77,100,1.1,MX,1690257810
168,hoopstad,-27.8327,25.9083,4.28,21,92,3.07,ZA,1690257810
169,sao joao da barra,-21.6403,-41.0511,20.83,87,4,3.45,BR,1690257778
170,arteche,12.2645,125.4048,29.96,70,100,7.64,PH,1690257811
171,fale old settlement,-9.3852,-171.2468,28.83,73,5,8.65,TK,1690257811
172,fort st. john,56.2499,-120.8529,15.94,77,100,2.06,CA,1690257688
173,zhuanghe,39.7008,122.9911,26.51,87,99,4.55,CN,1690257811
174,hemmoor,53.7,9.1167,14.07,93,20,3.36,DE,1690257812
175,souillac,-20.5167,57.5167,21.21,94,40,0.0,MU,1690257812
176,carupano,10.6678,-63.2585,25.52,90,96,2.85,VE,1690257812
177,antigonish,45.6169,-61.9986,22.93,82,100,2.58,CA,1690257787
178,saint-pierre,-21.3393,55.4781,20.82,56,0,4.12,RE,1690257812
179,hammerfest,70.6634,23.6821,12.25,87,75,4.12,NO,1690257813
180,sumbawanga,-7.9667,31.6167,12.89,76,0,2.06,TZ,1690257813
181,chamical,-30.36,-66.314,9.97,56,53,2.53,AR,1690257813
182,seryshevo,51.0933,128.3786,20.65,84,100,3.68,RU,1690257813
183,bardsir,29.9227,56.5743,27.02,14,4,1.81,IR,1690257814
184,rosarito,32.3333,-117.0333,24.81,82,26,2.81,MX,1690257814
185,kaa-khem,51.6833,94.7333,21.33,46,96,2.44,RU,1690257814
186,shenjiamen,29.9576,122.298,27.48,84,44,5.73,CN,1690257699
187,rockland,41.1668,-74.0496,25.13,89,39,1.01,US,1690257814
188,patnongon,10.9132,121.9937,27.11,87,100,10.11,PH,1690257815
189,mogadishu,2.0371,45.3438,24.86,82,29,7.69,SO,1690257815
190,stolin,51.8912,26.846,17.29,97,100,2.46,BY,1690257815
191,urrao,6.3152,-76.1342,14.95,97,100,0.38,CO,1690257815
192,georgetown,5.4112,100.3354,32.96,74,20,2.57,MY,1690257640
193,alice springs,-23.7,133.8833,17.75,34,0,8.23,AU,1690257816
194,codrington,-38.2667,141.9667,14.28,62,14,1.46,AU,1690257816
195,yuzhno-kurilsk,44.0306,145.8556,23.07,81,54,0.33,RU,1690257816
196,brookings,44.3114,-96.7984,23.0,80,0,3.6,US,1690257816
197,hirara,24.8,125.2833,33.92,70,75,10.29,JP,1690257817
198,quiberon,47.4841,-3.1196,15.04,83,92,1.79,FR,1690257817
199,cabinda,-5.55,12.2,20.74,90,8,1.87,AO,1690257817
200,tura,25.5198,90.2201,28.61,81,87,1.42,IN,1690257817
201,nova sintra,14.8667,-24.7167,22.4,84,100,6.78,CV,1690257817
202,enewetak,11.3474,162.3373,28.89,79,32,6.97,MH,1690257614
203,phalaborwa,-23.943,31.1411,16.6,76,100,4.33,ZA,1690257818
204,lata,40.1629,-8.3327,14.49,98,37,0.85,PT,1690257818
205,revda,56.801,59.9303,16.98,85,51,3.46,RU,1690257818
206,la paz,-16.5,-68.15,8.65,21,0,2.57,BO,1690257616
207,clinton,42.587,-82.9199,22.18,81,20,1.54,US,1690257646
208,high river,50.5834,-113.8687,28.98,31,30,5.13,CA,1690257605
209,yeniseysk,58.4497,92.1703,25.08,60,79,1.68,RU,1690257819
210,callao,-12.0667,-77.15,21.16,73,40,5.66,PE,1690257737
211,harper,4.375,-7.7169,24.66,86,100,4.27,LR,1690257819
212,villa gesell,-37.2639,-56.973,7.81,72,59,4.54,AR,1690257611
213,faranah,10.0404,-10.7434,21.32,98,100,2.61,GN,1690257819
214,fort bragg,35.139,-79.006,25.91,88,0,0.0,US,1690257759
215,pico truncado,-46.7949,-67.9573,2.46,87,100,6.75,AR,1690257820
216,yako,12.9667,-2.2667,24.77,80,51,2.3,BF,1690257820
217,sitangkai,4.6628,119.3928,28.43,80,96,9.53,PH,1690257820
218,roma,43.2128,-75.4557,18.74,96,0,2.57,US,1690257820
219,qinzhou,21.95,108.6167,32.81,60,90,3.13,CN,1690257821
220,aasiaat,68.7098,-52.8699,2.76,95,100,3.17,GL,1690257821
221,yeraliyev,43.2,51.65,28.96,49,99,10.69,KZ,1690257821
222,le port,-20.9373,55.2919,21.0,79,1,1.31,RE,1690257822
223,naze,28.3667,129.4833,29.51,78,100,5.23,JP,1690257822
224,klyuchi,52.2667,79.1667,24.76,40,80,5.43,RU,1690257657
225,kendari,-3.945,122.4989,29.28,60,43,2.69,ID,1690257823
226,mutuali,-14.8706,37.0044,14.48,80,4,1.08,MZ,1690257823
227,novyy urgal,51.0736,132.5642,20.82,92,100,0.64,RU,1690257824
228,constantia,44.1833,28.65,20.39,71,21,3.33,RO,1690257644
229,atar,20.5169,-13.0499,32.08,34,14,1.21,MR,1690257824
230,kerikeri,-35.2268,173.9474,14.95,83,31,2.68,NZ,1690257825
231,tyukhtet,56.5389,89.3011,18.61,89,99,1.95,RU,1690257825
232,cabo san lucas,22.8909,-109.9124,31.45,76,15,2.68,MX,1690257629
233,coquimbo,-29.9533,-71.3436,12.85,82,0,2.06,CL,1690257697
234,thai binh,20.45,106.3333,32.56,61,89,3.46,VN,1690257826
235,vadso,70.0744,29.7487,9.49,93,75,7.2,NO,1690257826
236,la'ie,21.6477,-157.9253,28.98,74,8,6.84,US,1690257827
237,gadzhiyevo,69.2551,33.3362,9.52,95,100,3.5,RU,1690257721
238,vitina,43.2375,17.4839,22.76,57,25,1.79,BA,1690257827
239,mar del plata,-38.0023,-57.5575,7.19,77,40,6.71,AR,1690257622
240,inyonga,-6.7167,32.0667,15.64,55,20,2.21,TZ,1690257828
241,hede,33.7681,120.2517,31.77,67,99,2.71,CN,1690257828
242,qandala,11.472,49.8728,32.65,46,100,4.44,SO,1690257828
243,margate,51.3813,1.3862,13.72,79,89,1.79,GB,1690257722
244,haiku-pauwela,20.9219,-156.3051,26.2,73,20,11.32,US,1690257828
245,axim,4.8699,-2.2405,24.48,91,100,2.46,GH,1690257829
246,nicoya,10.1483,-85.452,24.73,82,87,3.26,CR,1690257829
247,minas de marcona,-15.2119,-75.1103,12.2,87,59,6.61,PE,1690257829
248,wynyard,-41.0,145.7167,14.16,65,87,3.6,AU,1690257829
249,noumea,-22.2763,166.4572,21.11,99,97,5.1,NC,1690257566
250,oslo,59.9127,10.7461,14.83,99,100,1.28,NO,1690257651
251,arkhangel'sk,64.5401,40.5433,13.95,83,71,2.04,RU,1690257830
252,nogliki,51.8333,143.1667,16.83,80,58,5.03,RU,1690257830
253,olovyannaya,50.95,115.5667,23.93,56,87,1.81,RU,1690257830
254,omutinskiy,56.4745,67.6709,20.63,62,33,4.31,RU,1690257831
255,segou,13.4317,-6.2157,27.42,65,75,2.04,ML,1690257831
256,aktas,49.7789,72.9608,23.86,29,75,1.85,KZ,1690257831
257,aktau,43.65,51.2,26.32,61,100,11.21,KZ,1690257831
258,viedma,-40.8135,-62.9967,6.52,78,96,7.47,AR,1690257832
259,nchelenge,-9.3451,28.734,15.89,59,10,2.63,ZM,1690257832
260,vila velha,-20.3297,-40.2925,19.97,90,75,1.03,BR,1690257832
261,christchurch,-43.5333,172.6333,10.79,90,75,3.09,NZ,1690257632
262,chebba,35.2372,11.115,30.29,55,0,5.51,TN,1690257832
263,muynoq,43.7683,59.0214,32.93,31,18,5.06,UZ,1690257833
264,san jose del guaviare,2.5729,-72.6459,21.59,97,79,0.86,CO,1690257833
265,eureka,40.8021,-124.1637,17.89,85,24,0.89,US,1690257800
266,artigas,-30.4,-56.4667,11.57,95,99,5.76,UY,1690257782
267,sinop,41.7711,34.8709,17.33,66,0,1.67,TR,1690257833
268,sandnessjoen,66.0217,12.6316,13.06,94,75,2.06,NO,1690257834
269,ain sukhna,29.6002,32.3167,27.44,65,0,3.17,EG,1690257834
270,mermoz boabab,14.7065,-17.4758,25.31,76,77,1.21,SN,1690257834
271,luau,-10.7073,22.2247,15.57,50,0,1.72,AO,1690257834
272,copala,16.65,-98.9833,26.86,80,100,1.71,MX,1690257834
273,lebu,-37.6167,-73.65,12.34,90,100,6.12,CL,1690257689
274,santa isabel,-23.3156,-46.2214,19.49,63,47,0.69,BR,1690257752
275,cill airne,52.05,-9.5167,9.23,95,10,0.51,IE,1690257835
276,the pas,53.8251,-101.2541,20.01,60,75,2.57,CA,1690257835
277,marsh harbour,26.5412,-77.0636,29.46,71,3,3.03,BS,1690257835
278,puerto baquerizo moreno,-0.9,-89.6,24.41,88,19,6.7,EC,1690257623
279,pimentel,-6.8367,-79.9342,22.16,83,75,5.66,PE,1690257836
280,purbalingga,-7.3881,109.3639,29.57,59,16,2.21,ID,1690257836
281,gizo,-8.103,156.8419,26.44,84,97,7.09,SB,1690257836
282,kudahuvadhoo,2.6708,72.8944,28.13,78,97,3.45,MV,1690257694
283,khovd,48.0056,91.6419,21.29,31,31,2.38,MN,1690257653
284,dharmanagar,24.3667,92.1667,30.38,79,99,0.35,IN,1690257837
285,notse,6.95,1.1667,22.34,98,100,1.91,TG,1690257837
286,la ronge,55.1001,-105.2842,22.14,60,0,1.03,CA,1690257708
287,shingu,33.7333,135.9833,30.13,66,11,3.58,JP,1690257837
288,holualoa,19.6228,-155.9522,26.59,79,75,2.06,US,1690257837
289,crane,31.3974,-102.3501,31.18,26,0,5.53,US,1690257838
290,pedregulho,-20.2569,-47.4767,17.73,64,82,1.77,BR,1690257539
291,siocon,7.7061,122.1353,28.18,79,86,9.07,PH,1690257650
292,richards bay,-28.783,32.0377,13.78,77,44,1.26,ZA,1690257838
293,nagqu,31.5,92.0,7.56,81,100,1.96,CN,1690257838
294,east london,-33.0153,27.9116,5.52,93,0,1.54,ZA,1690257633
295,port alfred,-33.5906,26.891,10.38,69,0,2.56,ZA,1690257839
296,sola,-13.8833,167.55,25.87,85,32,3.07,VU,1690257839
297,joinville,-26.3044,-48.8456,17.21,92,15,0.63,BR,1690257982
298,santo andre,-23.6639,-46.5383,18.96,67,0,1.03,BR,1690257663
299,ta`u,-14.2336,-169.5144,25.73,72,21,6.44,AS,1690257840
300,diego de almagro,-26.3667,-70.05,12.1,65,61,0.1,CL,1690257840
301,al majaridah,19.1236,41.9111,34.77,20,86,0.91,SA,1690257840
302,potosi,-19.5836,-65.7531,4.42,16,0,2.45,BO,1690257840
303,taltal,-25.4,-70.4833,14.51,87,26,0.64,CL,1690257698
304,kodungallur,10.2167,76.2167,24.0,82,100,2.29,IN,1690257840
305,akureyri,65.6835,-18.0878,7.96,100,100,3.09,IS,1690257841
306,amahai,-3.3333,128.9167,25.63,79,84,6.14,ID,1690257841
307,kamiiso,41.8167,140.65,26.21,83,75,7.72,JP,1690257841
308,lihue,21.9789,-159.3672,28.58,83,100,7.2,US,1690257841
309,cortina d'ampezzo,46.5384,12.1377,12.72,98,87,0.81,IT,1690257842
310,tevriz,57.509,72.4042,17.8,84,99,3.77,RU,1690257842
311,suva,-18.1416,178.4415,23.71,83,75,2.06,FJ,1690257655
312,kone,-21.0595,164.8658,22.88,51,98,6.58,NC,1690257842
313,manggar,-2.8833,108.2667,29.24,69,51,5.59,ID,1690257843
314,jian'ou,27.0469,118.3253,34.95,45,100,0.94,CN,1690257843
315,inhambane,-23.865,35.3833,20.99,77,40,6.26,MZ,1690257494
316,alesund,62.4723,6.1549,14.95,89,75,7.2,NO,1690257558
317,chengde,40.9725,117.9361,31.43,47,15,1.03,CN,1690257733
318,san martin de los andes,-40.1604,-71.3486,1.47,98,100,1.62,AR,1690257844
319,punta del este,-34.9667,-54.95,11.6,87,0,3.13,UY,1690257742
320,yaren,-0.5472,166.916,29.18,72,41,4.09,NR,1690257844
321,oppdal,62.5943,9.6912,11.38,87,100,1.76,NO,1690257845
322,lianjiang,21.6467,110.2817,32.01,58,74,1.35,CN,1690257845
323,egilsstadir,65.2653,-14.3948,5.95,87,100,2.57,IS,1690257845
324,bamboo flat,11.7,92.7167,30.05,74,40,4.12,IN,1690257847
325,temiskaming shores,47.4938,-79.7153,13.89,73,72,0.87,CA,1690257717
326,alaghsas,17.0187,8.0168,28.05,55,72,3.77,NE,1690257848
327,tolanaro,-25.0319,46.9987,18.04,88,20,5.14,MG,1690257848
328,chibougamau,49.9168,-74.3659,15.79,94,100,1.49,CA,1690257722
329,kargopol',61.5071,38.9456,11.97,95,98,2.68,RU,1690257849
330,kalghatgi,15.1833,74.9667,22.62,96,100,4.99,IN,1690257849
331,zhalantun,48.0,122.7167,26.48,66,100,2.46,CN,1690257850
332,broumov,50.5857,16.3318,16.83,100,100,2.84,CZ,1690257850
333,timimoun,29.2639,0.231,33.21,8,21,4.12,DZ,1690257850
334,volksrust,-27.3654,29.8818,3.03,95,85,1.1,ZA,1690257851
335,vila franca do campo,37.7167,-25.4333,21.23,88,36,1.95,PT,1690257851
336,alta,69.9689,23.2717,12.59,81,75,4.47,NO,1690257851
337,hadibu,12.65,54.0333,25.52,74,94,10.89,YE,1690257655
338,saiki,32.95,131.9,29.81,71,27,4.91,JP,1690257852
339,borkum,53.5809,6.6915,14.97,70,40,8.36,DE,1690257852
340,maintirano,-18.0667,44.0167,21.08,83,64,4.39,MG,1690257852
341,dryden,49.7833,-92.7503,20.16,60,0,3.09,CA,1690257852
342,ulsteinvik,62.3432,5.8487,14.95,88,100,7.15,NO,1690257853
343,yanta,36.2411,115.6672,34.92,50,3,2.43,CN,1690257853
344,tanjungtiram,4.0613,98.3699,31.21,58,37,0.53,ID,1690257853
345,slave lake,55.2834,-114.769,16.99,88,100,4.12,CA,1690257854
346,floro,61.5996,5.0328,13.98,88,75,5.14,NO,1690257854
347,igrim,63.1906,64.4162,19.56,68,100,2.93,RU,1690257854
348,horta,38.5333,-28.6333,21.12,85,28,2.68,PT,1690257855
349,zaio,34.9428,-2.7329,25.99,30,55,1.46,MA,1690257855
350,skelleftea,64.7507,20.9528,11.2,100,100,2.57,SE,1690257781
351,vorgashor,67.5833,63.95,19.87,65,83,2.96,RU,1690257855
352,ibiza,38.9088,1.433,27.34,86,20,3.58,ES,1690257580
353,ulanhot,46.0833,122.0833,27.63,59,45,2.46,CN,1690257856
354,duong dong,10.2167,103.9667,28.0,83,40,4.12,VN,1690257856
355,tianpeng,30.9866,103.9393,30.26,74,100,0.98,CN,1690257856
356,nemuro,43.3236,145.575,20.2,89,20,3.74,JP,1690257694
357,tanjung pinang,0.9167,104.45,31.02,65,60,5.1,ID,1690257857
358,esquel,-42.9,-71.3167,2.08,98,96,0.87,AR,1690257857
359,alappuzha,9.49,76.3264,26.67,78,84,3.96,IN,1690257857
360,alofi,-19.0595,-169.9187,23.94,64,40,3.09,NU,1690257858
361,punganuru,13.3667,78.5833,22.46,78,100,9.79,IN,1690257858
362,uliastay,47.7417,96.8444,20.0,34,7,3.89,MN,1690257858
363,kijang,35.2442,129.2139,27.85,72,55,5.56,KR,1690257859
364,acarau,-2.8856,-40.12,25.3,83,11,6.37,BR,1690257859
365,malkara,40.89,26.9011,21.2,60,0,0.89,TR,1690257859
366,antsiranana,-12.2787,49.2917,17.42,88,20,2.06,MG,1690257859
367,nalut,30.3333,10.85,29.59,19,0,4.93,LY,1690257859
368,angaur state,6.906,134.13,28.12,81,98,5.26,PW,1690257860
369,port macquarie,-31.4333,152.9167,18.83,56,7,4.57,AU,1690257696
370,assab,13.0092,42.7394,34.14,54,95,2.6,ER,1690257860
371,cadale,2.7603,46.3222,25.01,82,25,8.9,SO,1690257861
372,gaozhou,21.9392,110.8461,32.28,55,62,1.7,CN,1690257861
373,totness,5.8833,-56.3167,25.29,88,83,1.29,SR,1690257861
374,port blair,11.6667,92.75,30.02,74,40,4.12,IN,1690257862
375,labrador city,52.9463,-66.9114,16.95,67,40,1.54,CA,1690257862
376,bode saadu,8.9333,4.7833,22.33,97,77,2.11,NG,1690257862
377,nica,43.7031,7.2661,25.78,81,75,3.09,FR,1690257603
378,moyale,3.5167,39.0584,17.42,83,64,4.35,KE,1690257862
379,prado,-17.3411,-39.2208,19.51,95,36,2.34,BR,1690257863
380,grand-bassam,5.2118,-3.7388,24.98,92,100,2.8,CI,1690257863
381,arauca,7.0847,-70.7591,24.98,94,40,0.0,CO,1690257863
382,konarka,19.9,86.1167,28.22,73,21,8.92,IN,1690257864
383,kununurra,-15.7667,128.7333,21.99,23,9,6.17,AU,1690257864
384,peruibe,-24.32,-46.9983,18.4,71,24,2.24,BR,1690257864
385,cannonvale,-20.2833,148.7,19.66,76,17,6.56,AU,1690257865
386,san antonio de pale,-1.4014,5.6325,22.59,83,22,2.53,GQ,1690257695
387,buenaventura,3.8801,-77.0312,25.29,93,100,0.87,CO,1690257697
388,dali,25.7,100.1833,23.91,65,95,2.07,CN,1690257703
389,arno,60.1167,18.6333,16.38,87,81,5.0,SE,1690257866
390,teculutan,14.9833,-89.7167,23.45,98,73,1.76,GT,1690257866
391,porto novo,6.4965,2.6036,24.9,89,96,2.55,BJ,1690257866
392,puerto madero,14.7208,-92.4215,24.11,100,75,0.0,MX,1690257867
393,zemio,5.0314,25.1361,19.86,98,67,1.27,CF,1690257691
394,brisas de zicatela,15.8369,-97.0419,27.5,79,88,1.53,MX,1690257867
395,hamilton,39.1834,-84.5333,22.0,91,0,2.06,US,1690257868
396,tarko-sale,64.9225,77.785,26.06,40,99,4.15,RU,1690257868
397,korla,41.7597,86.1469,31.38,28,44,2.86,CN,1690257629
398,metlili chaamba,32.2667,3.6333,31.52,9,0,0.0,DZ,1690257870
399,kattivakkam,13.2167,80.3167,27.26,86,100,4.15,IN,1690257871
400,aykhal,66.0,111.5,17.43,67,90,3.27,RU,1690257872
401,hasaki,35.7333,140.8333,36.84,74,100,5.34,JP,1690257872
402,ramadi,33.4226,43.3058,33.63,20,0,3.55,IQ,1690257872
403,homer,59.6425,-151.5483,17.65,73,20,4.12,US,1690257873
404,amal,59.051,12.7049,14.58,94,100,6.88,SE,1690257873
405,uray,60.1247,64.7758,18.7,75,99,2.12,RU,1690257873
406,magadi,12.9667,77.2333,23.09,86,100,6.94,IN,1690257873
407,north branch,45.5113,-92.9802,23.08,93,2,2.13,US,1690257874
408,nizhniye sergi,56.6614,59.3033,16.17,88,61,3.3,RU,1690257874
409,pobugskoye,48.1658,30.5927,20.69,74,83,4.17,UA,1690257874
410,tchintabaraden,15.8969,5.7985,28.91,48,100,2.18,NE,1690257874
411,kansk,56.2017,95.7175,16.49,97,100,4.44,RU,1690257875
412,viana do castelo,41.6932,-8.8329,14.03,91,5,4.58,PT,1690257875
413,watsa,3.0372,29.5355,17.77,98,70,1.15,CD,1690257875
414,saurimo,-9.6608,20.3916,14.68,49,3,2.36,AO,1690257875
415,tafuna,-14.3358,-170.72,26.97,74,40,3.09,AS,1690257876
416,ghanzi,-21.5667,21.7833,14.38,33,23,2.09,BW,1690257876
417,ar raqqah,35.95,39.0167,28.65,35,0,5.85,SY,1690257876
418,durban,-29.8579,31.0292,12.51,69,10,2.07,ZA,1690257876
419,bodo,67.28,14.405,14.87,94,100,1.54,NO,1690257877
420,mahina,-17.5065,-149.489,27.64,83,75,4.63,PF,1690257877
421,ancud,-41.8697,-73.8203,10.01,80,41,13.4,CL,1690257650
422,poronaysk,49.2167,143.1167,20.71,82,17,3.72,RU,1690257877
423,robore,-18.3333,-59.75,21.47,41,0,1.51,BO,1690257878
424,machachi,-0.5,-78.5667,9.86,88,95,2.56,EC,1690257878
425,snihurivka,47.0758,32.8052,21.44,70,4,3.46,UA,1690257878
426,brooks,50.5834,-111.8851,28.99,35,99,3.09,CA,1690257619
427,mount isa,-20.7333,139.5,21.87,37,52,7.72,AU,1690257878
428,basco,20.4487,121.9702,28.26,87,100,18.12,PH,1690257879
429,mejit,10.2753,170.8646,28.42,78,100,8.34,MH,1690257879
430,ytrebygda,60.305,5.2824,14.06,96,75,1.54,NO,1690257879
431,sodra sandby,56.5667,16.6167,16.61,96,100,2.51,SE,1690257879
432,nikolayevsk-on-amure,53.1406,140.73,28.45,46,71,3.68,RU,1690257879
433,crockett,31.3182,-95.4566,29.23,65,0,0.0,US,1690257611
434,galliano,29.4422,-90.2992,26.11,88,0,0.0,US,1690257880
435,sidrolandia,-20.9319,-54.9614,19.5,43,5,1.71,BR,1690257880
436,neryungri,56.6709,124.6491,25.33,49,100,1.09,RU,1690257880
437,casper,42.8666,-106.3131,20.96,61,93,1.79,US,1690257709
438,pariaman,-0.619,100.12,31.03,65,52,1.62,ID,1690257881
439,kingston,17.997,-76.7936,28.53,76,20,1.03,JM,1690257623
440,vung tau,10.346,107.0843,28.89,77,64,4.9,VN,1690257620
441,matoury,4.8483,-52.3317,23.98,100,75,0.0,GF,1690257881
442,vanimo,-2.6741,141.3028,26.72,85,85,0.92,PG,1690257602
443,panjakent,39.4952,67.6093,31.72,21,0,1.26,TJ,1690257881
444,hobyo,5.3505,48.5268,25.37,77,41,11.1,SO,1690257882
445,motueka,-41.1333,173.0167,16.17,64,68,2.61,NZ,1690257882
446,dakhla,23.6848,-15.958,19.4,92,4,9.07,EH,1690257882
447,aswan,24.0934,32.907,29.61,23,0,0.0,EG,1690257680
448,yamada,39.4667,141.95,29.75,61,7,1.7,JP,1690257882
449,sainyabuli,19.25,101.75,30.79,58,60,1.45,LA,1690257883
450,smithers,54.7804,-127.1743,14.18,94,100,2.06,CA,1690257625
451,kapit,2.0167,112.9333,34.6,46,61,0.76,MY,1690257883
452,howrah,22.5892,88.3103,31.0,79,40,4.12,IN,1690257733
453,sitka,57.0531,-135.33,15.38,78,99,1.7,US,1690257760
454,al jawf,29.5,38.75,27.3,29,0,3.12,SA,1690257883
455,dahab,28.501,34.5134,32.0,39,0,0.98,EG,1690257884
456,magomeni,-6.8,39.25,21.21,100,40,2.57,TZ,1690257884
457,sao miguel do araguaia,-13.275,-50.1628,24.99,38,44,2.2,BR,1690257884
458,flying fish cove,-10.4217,105.6791,25.82,83,75,4.63,CX,1690257884
459,yantarnyy,54.8717,19.9381,16.92,93,68,5.83,RU,1690257885
460,laguna,38.421,-121.4238,29.19,44,0,2.57,US,1690257885
461,afaahiti,-17.75,-149.2833,26.7,82,5,7.77,PF,1690257885
462,guayos,22.0489,-79.4608,24.41,89,0,2.62,CU,1690257885
463,alto araguaia,-17.3147,-53.2153,17.64,46,21,1.45,BR,1690257885
464,vorkuta,67.5,64.0,19.77,66,84,3.05,RU,1690257886
465,keflavik,64.0049,-22.5624,10.95,93,100,2.57,IS,1690257886
466,new norfolk,-42.7826,147.0587,13.84,52,100,2.25,AU,1690257886
467,mariehamn,60.0973,19.9348,16.92,88,100,2.57,AX,1690257739
468,daru,-9.0763,143.2092,25.9,67,100,4.01,PG,1690257666
469,quellon,-43.1167,-73.6167,8.14,100,100,4.63,CL,1690257677
470,howard springs,-12.497,131.047,24.34,17,95,4.98,AU,1690257887
471,borogontsy,62.6683,131.1683,29.02,42,32,3.25,RU,1690257887
472,lhokseumawe,5.1801,97.1507,31.03,59,89,2.09,ID,1690257887
473,inarajan village,13.2736,144.7484,30.55,87,100,5.15,GU,1690257887
474,puerto vallarta,20.6204,-105.2307,25.62,96,100,0.97,MX,1690257726
475,waingapu,-9.6567,120.2641,27.11,60,39,7.14,ID,1690257888
476,kristiansund,63.1115,7.732,13.36,82,75,5.66,NO,1690257888
477,vitoria da conquista,-14.8661,-40.8394,12.96,94,1,1.78,BR,1690257888
478,selkirk,50.1436,-96.8845,23.04,85,89,3.4,CA,1690257618
479,mugia,43.1041,-9.2179,13.84,75,34,4.59,ES,1690257889
480,iquique,-20.2208,-70.1431,19.02,78,42,0.99,CL,1690257633
481,maputo,-25.9653,32.5892,15.82,82,75,4.63,MZ,1690257889
482,pucon,-39.2822,-71.9543,9.47,94,100,4.56,CL,1690257678
483,sigli,5.3848,95.9609,31.64,51,100,1.79,ID,1690257889
484,tshabong,-26.05,22.45,10.26,21,51,3.95,BW,1690257890
485,papao,-17.75,-149.55,28.7,86,5,9.3,PF,1690257664
486,puerto colombia,10.9878,-74.9547,28.05,82,57,12.13,CO,1690257890
487,bandar-e lengeh,26.5579,54.8807,33.06,79,100,5.14,IR,1690257890
488,robertsport,6.7533,-11.3686,25.21,86,100,3.68,LR,1690257890
489,huarmey,-10.0681,-78.1522,20.52,83,30,3.83,PE,1690257891
490,calama,-22.4667,-68.9333,12.18,18,32,2.53,CL,1690257634
491,beli,7.8587,10.9719,21.88,97,83,0.13,NG,1690257891
492,severoural'sk,60.1533,59.952,20.08,56,12,0.87,RU,1690257891
493,ust'-charyshskaya pristan',52.3934,83.6635,26.44,41,6,6.31,RU,1690257891
494,upata,8.0086,-62.3989,24.55,96,65,1.27,VE,1690257892
495,ghadamis,30.1337,9.5007,31.14,16,0,4.74,LY,1690257739
496,gao,16.6362,1.637,28.48,60,91,4.63,ML,1690257893
497,selfoss,63.9331,-20.9971,10.58,91,100,0.65,IS,1690257894
498,chegdomyn,51.1167,133.0167,20.45,94,100,0.26,RU,1690257894
499,pedernales,18.0384,-71.744,27.9,69,97,2.11,DO,1690257894
500,ndelele,4.0333,14.9333,20.11,98,81,0.98,CM,1690257894
501,tara,56.8944,74.371,18.26,82,90,3.92,RU,1690257895
502,dzhetygara,52.1908,61.2006,22.86,45,58,2.12,KZ,1690257895
503,forshaga,59.5254,13.4813,15.29,94,100,2.57,SE,1690257896
504,wellawaya,6.7318,81.1018,31.76,47,97,4.4,LK,1690257896
505,tapilon,11.2774,124.0306,28.85,76,100,10.95,PH,1690257896
506,baker city,44.7749,-117.8344,20.89,43,0,6.69,US,1690257896
507,nizao,18.25,-70.2,27.48,80,45,6.45,DO,1690257897
508,scottsbluff,41.8666,-103.6672,27.76,57,0,4.63,US,1690257897
509,lautoka,-17.6167,177.4667,26.92,74,75,4.12,FJ,1690257897
510,walvis bay,-22.9575,14.5053,11.72,93,100,1.54,NA,1690257897
511,hassi messaoud,31.6804,6.0729,29.92,14,0,1.03,DZ,1690257897
512,dingwall,57.5953,-4.4272,12.17,88,100,2.27,GB,1690257898
513,guerrero negro,27.9769,-114.0611,20.95,76,77,6.23,MX,1690257898
514,mukalla,14.5425,49.1242,31.54,63,100,0.99,YE,1690257898
515,lagunillas,10.1301,-71.2595,27.19,75,95,1.27,VE,1690257898
516,zeya,53.75,127.2667,25.25,52,100,1.93,RU,1690257705
517,ineu,46.4333,21.85,19.9,75,56,2.95,RO,1690257899
518,vernon,50.2581,-119.2691,25.2,46,83,0.0,CA,1690257614
519,hotan,37.0997,79.9269,31.67,23,94,6.06,CN,1690257899
520,jiayuguan,39.8167,98.3,29.95,13,9,4.04,CN,1690257863
521,tosontsengel,48.7567,98.2839,17.75,48,47,5.33,MN,1690257899
522,pudozh,61.8099,36.5345,12.56,98,100,3.39,RU,1690257900
523,greymouth,-42.4667,171.2,10.64,86,75,5.48,NZ,1690257900
524,qamdo,31.1667,97.2333,5.96,87,100,2.38,CN,1690257900
525,serenje,-13.2325,30.2352,11.51,75,0,2.3,ZM,1690257900
526,hilo,19.7297,-155.09,31.82,82,20,2.75,US,1690257605
527,pangoa,-12.1167,-73.0,19.95,79,0,1.51,PE,1690257901
528,salmas,38.1973,44.7653,21.34,59,18,2.53,IR,1690257901
529,semey,50.4111,80.2275,28.12,32,0,2.0,KZ,1690257901
530,illizi,26.4833,8.4667,29.89,13,0,3.61,DZ,1690257901
531,lakheri,25.6667,76.1667,32.35,60,51,3.21,IN,1690257634
532,side,36.7667,31.3885,27.57,52,0,5.84,TR,1690257902
533,orda,57.1951,56.9091,16.52,82,76,3.31,RU,1690257902
534,priozersk,61.0393,30.1291,15.05,100,100,1.85,RU,1690257902
535,gaalkacyo,6.7697,47.4308,24.19,69,94,10.56,SO,1690257903
